{"choir_id":"001kGuPp3cRa290Xw4ZD1j4Qj60c6XJb","song_id":"001kYwDm1I7wUB36Fwff2kxbIW39xgSZ","output":{"size":[1920,1080],"reverb":0.1,"reverb_type":"hall","panning":true,"watermark":"choirless_watermark.png"},"inputs":[{"part_id":"001kYwRG2Dw6BO41f0bv27LTmh0GxUUN","size":[640,480],"volume":1,"panning":0,"offset":197.36961451247166,"position":[315,300],"pan":-0.33854166666666663},{"part_id":"001kYwL84GWzns4Jb51V3zgP1T1M5xzw","size":[640,480],"volume":1,"panning":0,"offset":0,"position":[965,300],"pan":0.33854166666666674}]}