{"choir_id":"001kI06X3nY2Sz3PEq8f0cnHEG1UJ9nz","song_id":"001kU1Fn1EIFtD3sxuOs3e19Ki1wCkL8","output":{"size":[1920,1080],"reverb":0.1,"reverb_type":"hall","panning":true,"watermark":"choirless_watermark.png"},"inputs":[{"part_id":"001kU2UP30M6Df28NOWi2ql9dg1Xa2s9","size":[853.3333333333334,480],"volume":1,"panning":0,"offset":0,"position":[208,55],"pan":-0.3388888888888888},{"part_id":"001kXFwH3L6Prh0jrvh22UjWQP2FGKKC","size":[640,480],"volume":1,"panning":0,"offset":162.53968253968253,"position":[1071.3333333333335,55],"pan":0.4493055555555556},{"part_id":"001kXGGK2SLWw715lc8v4f3zzI2bFb6N","size":[640,480],"volume":1,"panning":0,"offset":116.09977324263039,"position":[640,545],"pan":0}]}