{"choir_id":"001kVbUD16jx822RRUhF3Pa5TE0s7Uz2","song_id":"001kVc9X1USrGj3XYWI72PEpGH1hUdi9","output":{"size":[1920,1080],"reverb":0.1,"reverb_type":"hall","panning":true,"watermark":"choirless_watermark.png"},"inputs":[{"part_id":"001kVfAy4HohV32FvtgB4C9kg043CDg5","size":[640,480],"volume":1,"panning":0,"offset":0,"position":[315,55],"pan":-0.33854166666666663},{"part_id":"001kVfPx301KUd409NeZ18KRFu25c3iH","size":[640,480],"volume":1,"panning":0,"offset":150.92970521541952,"position":[965,55],"pan":0.33854166666666674},{"part_id":"001kVfEh2xutRG3wP2Jk1id1tv2qHf4k","size":[640,480],"volume":1,"panning":0,"offset":150.92970521541952,"position":[640,545],"pan":0}]}