{"choir_id":"001kVcH70YFfTg199aNJ2d7yin481FKF","song_id":"001kVcHh3OEf6N06IAcl2Hi0zl2Rw6X5","output":{"size":[1920,1080],"reverb":0.1,"reverb_type":"hall","panning":true,"watermark":"choirless_watermark.png"},"inputs":[{"part_id":"001kVdl61wgbHo2Qvp3R1Wo92d2s7eJc","size":[640,480],"volume":1,"panning":0,"offset":0,"position":[315,55],"pan":-0.33854166666666663},{"part_id":"001kVeO43LmYip4FGa6b16lshA0iIMrc","size":[640,480],"volume":1,"panning":0,"offset":139.31972789115645,"position":[965,55],"pan":0.33854166666666674},{"part_id":"001kVe5i2zkYNr4ei0y92512xh0aL8mr","size":[640,480],"volume":1,"panning":0,"offset":127.70975056689343,"position":[315,545],"pan":-0.33854166666666663},{"part_id":"001kVeIp1PZkwj2hbFBT1QyWIG3OrXcx","size":[640,480],"volume":1,"panning":0,"offset":150.92970521541952,"position":[965,545],"pan":0.33854166666666674}]}